{
    "accuracy": 0.9452136075949367,
    "loss": 0.20293041790210747
}