{
    "accuracy": 0.9262262658227848,
    "loss": 0.2804764739320248
}