{
    "accuracy": 0.45836629746835444,
    "loss": 1.4815085085132453
}