{
    "accuracy": 0.9455102848101266,
    "loss": 0.19631183562399465
}