{
    "accuracy": 0.8536392405063291,
    "loss": 0.42659420340876036
}