{
    "accuracy": 0.9418512658227848,
    "loss": 0.2749284063524838
}