{
    "accuracy": 0.8387064873417721,
    "loss": 0.48569742033753216
}